{"_step":49,"eval_loss":4.2218503773212435,"_wandb":{"runtime":4600},"epoch":50,"train_acc":10.283911226501464,"_timestamp":1.753872716831967e+09,"_runtime":4600.14220232,"eval_acc":0.1248,"lr":9.866357858642198e-07,"train_loss":4.500040635428466}