{"_step":8,"epoch":9,"train_acc":19.755525390625,"lr":0.0009381533400219318,"eval_acc":0.3755,"_timestamp":1.7538631229516306e+09,"train_loss":3.5131780347045587,"_wandb":{"runtime":431},"_runtime":431.0554256,"eval_loss":2.488693058490753}