{"_wandb":{"runtime":2683},"_runtime":2683.102487995,"lr":9.866357858642198e-07,"_step":49,"epoch":50,"train_acc":38.558234375,"eval_acc":0.5558,"train_loss":2.6479803697795283,"eval_loss":1.7003498554229737,"_timestamp":1.753866044478604e+09}