{"lr":9.866357858642198e-07,"eval_acc":0.663,"train_loss":0.0003827957298338745,"eval_loss":2.897729903459549,"_step":49,"epoch":50,"train_acc":0.99972,"_wandb":{"runtime":8553},"_runtime":8553.398595831,"_timestamp":1.7538690270396304e+09}