{"_runtime":2337.137059553,"_step":49,"eval_acc":0.2769,"train_acc":25.34199680419922,"epoch":50,"eval_loss":3.0609023928642274,"_timestamp":1.753868034616308e+09,"train_loss":3.2979782004745637,"lr":9.866357858642198e-07,"_wandb":{"runtime":2337}}