{"train_acc":49.60819140625,"epoch":50,"eval_acc":0.6875,"_wandb":{"runtime":2682},"eval_loss":1.6357003778219223,"_timestamp":1.7538660456783378e+09,"_step":49,"train_loss":2.2683840850178076,"_runtime":2682.097272472,"lr":9.866357858642198e-07}