{"_runtime":2848.1053816,"lr":9.866357858642198e-07,"eval_loss":3.0528161585330964,"_step":49,"_wandb":{"runtime":2848},"train_loss":3.652563270705435,"epoch":50,"train_acc":25.6549521484375,"eval_acc":0.4836,"_timestamp":1.7538718834867291e+09}