{"eval_loss":3.930100756883621,"lr":0.0009381533400219318,"train_loss":4.227536130924614,"epoch":9,"_step":8,"train_acc":6.5925,"_runtime":436.305402458,"_wandb":{"runtime":436},"_timestamp":1.7538631217450743e+09,"eval_acc":0.1014}