{"train_loss":2.2480175848430988,"_timestamp":1.7538754895079854e+09,"_wandb":{"runtime":3598},"train_acc":62.5876118145752,"eval_acc":0.0758,"eval_loss":11.441709697246552,"epoch":50,"_step":49,"_runtime":3598.103080237,"lr":9.866357858642198e-07}