{"_step":49,"_runtime":2515.124231326,"train_loss":1.7628387963893462,"eval_acc":0.6808,"epoch":50,"train_acc":66.61865465820313,"lr":9.866357858642198e-07,"_timestamp":1.7538685721417742e+09,"eval_loss":1.557188218832016,"_wandb":{"runtime":2515}}