{"_step":49,"_runtime":4033.103136428,"lr":9.866357858642198e-07,"train_acc":10.10000146484375,"train_loss":4.485478871313812,"_timestamp":1.753876591230328e+09,"epoch":50,"_wandb":{"runtime":4033},"eval_acc":0.155,"eval_loss":3.99764478802681}