{"train_acc":55.835435546875,"_timestamp":1.7538748892515438e+09,"_step":49,"_runtime":1983.401115511,"_wandb":{"runtime":1983},"lr":9.866357858642198e-07,"train_loss":2.024228450823195,"eval_loss":1.2088295832276343,"eval_acc":0.701,"epoch":50}