{"train_loss":0.0003746385728585925,"_timestamp":1.7538626879122403e+09,"eval_acc":0.4379,"lr":9.866357858642198e-07,"epoch":50,"_wandb":{"runtime":2209},"train_acc":0.99982,"_runtime":2209.320760819,"_step":49,"eval_loss":4.958324062824249}