{"epoch":50,"train_loss":0.0004139510967842379,"lr":9.866357858642198e-07,"_step":49,"_runtime":2603.082937957,"_timestamp":1.753863082241752e+09,"train_acc":0.99986,"_wandb":{"runtime":2603},"eval_acc":0.4564,"eval_loss":4.030207300186158}