{"train_loss":1.7714799468082434,"eval_acc":0.543,"_wandb":{"runtime":2516},"_runtime":2516.09653357,"train_acc":66.50781159179688,"eval_loss":1.9055690616369247,"_step":49,"epoch":50,"_timestamp":1.7538685718776326e+09,"lr":9.866357858642198e-07}