{
    "test_loss": 1.8988246649503708,
    "top1_accuracy": 0.513,
    "top5_accuracy": 0.8025,
    "classification_report": {
        "0": {
            "precision": 0.5862068965517241,
            "recall": 0.85,
            "f1-score": 0.6938775510204082,
            "support": 100.0
        },
        "1": {
            "precision": 0.6666666666666666,
            "recall": 0.64,
            "f1-score": 0.6530612244897959,
            "support": 100.0
        },
        "2": {
            "precision": 0.4444444444444444,
            "recall": 0.44,
            "f1-score": 0.44221105527638194,
            "support": 100.0
        },
        "3": {
            "precision": 0.3148148148148148,
            "recall": 0.34,
            "f1-score": 0.3269230769230769,
            "support": 100.0
        },
        "4": {
            "precision": 0.2823529411764706,
            "recall": 0.24,
            "f1-score": 0.2594594594594595,
            "support": 100.0
        },
        "5": {
            "precision": 0.5394736842105263,
            "recall": 0.41,
            "f1-score": 0.4659090909090909,
            "support": 100.0
        },
        "6": {
            "precision": 0.6794871794871795,
            "recall": 0.53,
            "f1-score": 0.5955056179775281,
            "support": 100.0
        },
        "7": {
            "precision": 0.5042735042735043,
            "recall": 0.59,
            "f1-score": 0.543778801843318,
            "support": 100.0
        },
        "8": {
            "precision": 0.7176470588235294,
            "recall": 0.61,
            "f1-score": 0.6594594594594595,
            "support": 100.0
        },
        "9": {
            "precision": 0.6605504587155964,
            "recall": 0.72,
            "f1-score": 0.6889952153110048,
            "support": 100.0
        },
        "10": {
            "precision": 0.49019607843137253,
            "recall": 0.25,
            "f1-score": 0.33112582781456956,
            "support": 100.0
        },
        "11": {
            "precision": 0.3855421686746988,
            "recall": 0.32,
            "f1-score": 0.34972677595628415,
            "support": 100.0
        },
        "12": {
            "precision": 0.5581395348837209,
            "recall": 0.48,
            "f1-score": 0.5161290322580645,
            "support": 100.0
        },
        "13": {
            "precision": 0.5652173913043478,
            "recall": 0.39,
            "f1-score": 0.46153846153846156,
            "support": 100.0
        },
        "14": {
            "precision": 0.7631578947368421,
            "recall": 0.29,
            "f1-score": 0.42028985507246375,
            "support": 100.0
        },
        "15": {
            "precision": 0.36036036036036034,
            "recall": 0.4,
            "f1-score": 0.3791469194312796,
            "support": 100.0
        },
        "16": {
            "precision": 0.48760330578512395,
            "recall": 0.59,
            "f1-score": 0.5339366515837104,
            "support": 100.0
        },
        "17": {
            "precision": 0.584,
            "recall": 0.73,
            "f1-score": 0.6488888888888888,
            "support": 100.0
        },
        "18": {
            "precision": 0.4672131147540984,
            "recall": 0.57,
            "f1-score": 0.5135135135135135,
            "support": 100.0
        },
        "19": {
            "precision": 0.7368421052631579,
            "recall": 0.28,
            "f1-score": 0.4057971014492754,
            "support": 100.0
        },
        "20": {
            "precision": 0.7333333333333333,
            "recall": 0.77,
            "f1-score": 0.751219512195122,
            "support": 100.0
        },
        "21": {
            "precision": 0.45454545454545453,
            "recall": 0.75,
            "f1-score": 0.5660377358490566,
            "support": 100.0
        },
        "22": {
            "precision": 0.5666666666666667,
            "recall": 0.34,
            "f1-score": 0.425,
            "support": 100.0
        },
        "23": {
            "precision": 0.5467625899280576,
            "recall": 0.76,
            "f1-score": 0.6359832635983264,
            "support": 100.0
        },
        "24": {
            "precision": 0.5661764705882353,
            "recall": 0.77,
            "f1-score": 0.652542372881356,
            "support": 100.0
        },
        "25": {
            "precision": 0.44086021505376344,
            "recall": 0.41,
            "f1-score": 0.42487046632124353,
            "support": 100.0
        },
        "26": {
            "precision": 0.5050505050505051,
            "recall": 0.5,
            "f1-score": 0.5025125628140703,
            "support": 100.0
        },
        "27": {
            "precision": 0.30405405405405406,
            "recall": 0.45,
            "f1-score": 0.3629032258064516,
            "support": 100.0
        },
        "28": {
            "precision": 0.5867768595041323,
            "recall": 0.71,
            "f1-score": 0.6425339366515838,
            "support": 100.0
        },
        "29": {
            "precision": 0.4766355140186916,
            "recall": 0.51,
            "f1-score": 0.4927536231884058,
            "support": 100.0
        },
        "30": {
            "precision": 0.44642857142857145,
            "recall": 0.5,
            "f1-score": 0.4716981132075472,
            "support": 100.0
        },
        "31": {
            "precision": 0.47413793103448276,
            "recall": 0.55,
            "f1-score": 0.5092592592592593,
            "support": 100.0
        },
        "32": {
            "precision": 0.4563106796116505,
            "recall": 0.47,
            "f1-score": 0.4630541871921182,
            "support": 100.0
        },
        "33": {
            "precision": 0.43902439024390244,
            "recall": 0.54,
            "f1-score": 0.484304932735426,
            "support": 100.0
        },
        "34": {
            "precision": 0.4838709677419355,
            "recall": 0.45,
            "f1-score": 0.46632124352331605,
            "support": 100.0
        },
        "35": {
            "precision": 0.29545454545454547,
            "recall": 0.13,
            "f1-score": 0.18055555555555555,
            "support": 100.0
        },
        "36": {
            "precision": 0.5487804878048781,
            "recall": 0.45,
            "f1-score": 0.4945054945054945,
            "support": 100.0
        },
        "37": {
            "precision": 0.5789473684210527,
            "recall": 0.33,
            "f1-score": 0.42038216560509556,
            "support": 100.0
        },
        "38": {
            "precision": 0.3146067415730337,
            "recall": 0.28,
            "f1-score": 0.2962962962962963,
            "support": 100.0
        },
        "39": {
            "precision": 0.47794117647058826,
            "recall": 0.65,
            "f1-score": 0.5508474576271186,
            "support": 100.0
        },
        "40": {
            "precision": 0.546875,
            "recall": 0.35,
            "f1-score": 0.4268292682926829,
            "support": 100.0
        },
        "41": {
            "precision": 0.7551020408163265,
            "recall": 0.74,
            "f1-score": 0.7474747474747475,
            "support": 100.0
        },
        "42": {
            "precision": 0.625,
            "recall": 0.55,
            "f1-score": 0.5851063829787234,
            "support": 100.0
        },
        "43": {
            "precision": 0.5104166666666666,
            "recall": 0.49,
            "f1-score": 0.5,
            "support": 100.0
        },
        "44": {
            "precision": 0.3387096774193548,
            "recall": 0.21,
            "f1-score": 0.25925925925925924,
            "support": 100.0
        },
        "45": {
            "precision": 0.4406779661016949,
            "recall": 0.26,
            "f1-score": 0.3270440251572327,