{"_step":49,"epoch":50,"train_loss":3.930487629102201,"_timestamp":1.7538656884733963e+09,"_runtime":2328.355668111,"eval_acc":0.1847,"lr":9.866357858642198e-07,"train_acc":11.739146484375,"eval_loss":3.471297037601471,"_wandb":{"runtime":2328}}