{"train_acc":0.95264,"train_loss":0.3246648026516243,"_step":49,"lr":9.866357858642198e-07,"eval_acc":0.2247,"eval_loss":4.907327151298523,"epoch":50,"_wandb":{"runtime":2201},"_runtime":2201.08204502,"_timestamp":1.7538626789570625e+09}