{"_timestamp":1.7538690103874614e+09,"_step":49,"train_loss":0.00030327816728556553,"eval_loss":5.998635721206665,"_runtime":8541.123381473,"eval_acc":0.3633,"lr":9.866357858642198e-07,"_wandb":{"runtime":8541},"train_acc":0.9998,"epoch":50}