{"_wandb":{"runtime":1878},"train_acc":0.99986,"epoch":50,"_runtime":1878.389158521,"_step":49,"_timestamp":1.7538742158214386e+09,"lr":9.866357858642198e-07,"eval_loss":4.030207300186158,"train_loss":0.0004139510967842379,"eval_acc":0.4564}