{"train_loss":0.000311244439440565,"_runtime":7637.374493623,"eval_loss":6.517292749881745,"_timestamp":1.753868112018968e+09,"lr":9.866357858642198e-07,"epoch":50,"eval_acc":0.4035,"_step":49,"train_acc":0.99978,"_wandb":{"runtime":7637}}