{"_step":49,"lr":9.866357858642198e-07,"_timestamp":1.7538727320388956e+09,"eval_loss":2.681239256262779,"_runtime":4604.110497163,"train_acc":70.80495700317383,"train_loss":1.7285462629497814,"_wandb":{"runtime":4604},"epoch":50,"eval_acc":0.4371}