{"eval_acc":0.6317,"epoch":50,"train_acc":0.99942,"_wandb":{"runtime":2603},"lr":9.866357858642198e-07,"train_loss":0.002054679236904604,"_timestamp":1.7538630826048212e+09,"_runtime":2603.076043077,"eval_loss":2.9063786268234253,"_step":49}