{"eval_acc":0.2877,"_step":49,"epoch":50,"_timestamp":1.7538718671863437e+09,"train_acc":16.7363583984375,"eval_loss":3.5541983962059023,"lr":9.866357858642198e-07,"_wandb":{"runtime":2849},"_runtime":2849.114778127,"train_loss":4.05711059436164}