{"epoch":50,"lr":9.866357858642198e-07,"eval_loss":4.381853461265564,"_wandb":{"runtime":7631},"train_acc":0.11975,"_runtime":7631.11357515,"_step":49,"train_loss":4.171271723554567,"eval_acc":0.0989,"_timestamp":1.753868100515831e+09}