{"_wandb":{"runtime":2335},"epoch":50,"_step":49,"eval_acc":0.5218,"train_loss":1.5215785872495295,"_timestamp":1.753868039201555e+09,"train_acc":70.98414966552734,"lr":9.866357858642198e-07,"eval_loss":2.036239984631538,"_runtime":2335.121768875}