{"lr":9.866357858642198e-07,"_wandb":{"runtime":1579},"_timestamp":1.7538758054745188e+09,"_step":49,"_runtime":1579.37590581,"epoch":50,"train_loss":2.1187539871553986,"eval_acc":0.575,"eval_loss":1.6596725821495055,"train_acc":52.834423828125}