{"eval_acc":0.5648,"_timestamp":1.75386569448136e+09,"_wandb":{"runtime":2334},"_runtime":2334.073846421,"epoch":50,"_step":49,"eval_loss":1.7022608935832977,"train_loss":2.4084090198181114,"lr":9.866357858642198e-07,"train_acc":45.121951171875}