{"_runtime":1018.085921859,"lr":0.00031593772365766105,"_step":31,"train_acc":0.99944,"_timestamp":1.7538716994543552e+09,"epoch":32,"_wandb":{"runtime":1018},"eval_acc":0.4559,"train_loss":0.0016149851158397909,"eval_loss":3.956223523616791}