{"epoch":50,"lr":9.866357858642198e-07,"_runtime":3595.09936624,"eval_acc":0.0413,"_step":49,"train_loss":2.3229991884716332,"_wandb":{"runtime":3595},"train_acc":61.041071018066404,"eval_loss":5.035579895973205,"_timestamp":1.7538754705318449e+09}