{
    "test_loss": 3.9913706481456757,
    "top1_accuracy": 0.4588,
    "top5_accuracy": 0.7275,
    "classification_report": {
        "0": {
            "precision": 0.7553191489361702,
            "recall": 0.71,
            "f1-score": 0.7319587628865979,
            "support": 100.0
        },
        "1": {
            "precision": 0.5471698113207547,
            "recall": 0.58,
            "f1-score": 0.5631067961165048,
            "support": 100.0
        },
        "2": {
            "precision": 0.35353535353535354,
            "recall": 0.35,
            "f1-score": 0.35175879396984927,
            "support": 100.0
        },
        "3": {
            "precision": 0.3010752688172043,
            "recall": 0.28,
            "f1-score": 0.29015544041450775,
            "support": 100.0
        },
        "4": {
            "precision": 0.37254901960784315,
            "recall": 0.38,
            "f1-score": 0.37623762376237624,
            "support": 100.0
        },
        "5": {
            "precision": 0.4174757281553398,
            "recall": 0.43,
            "f1-score": 0.4236453201970443,
            "support": 100.0
        },
        "6": {
            "precision": 0.4444444444444444,
            "recall": 0.56,
            "f1-score": 0.49557522123893805,
            "support": 100.0
        },
        "7": {
            "precision": 0.5154639175257731,
            "recall": 0.5,
            "f1-score": 0.5076142131979695,
            "support": 100.0
        },
        "8": {
            "precision": 0.6538461538461539,
            "recall": 0.51,
            "f1-score": 0.5730337078651685,
            "support": 100.0
        },
        "9": {
            "precision": 0.5865384615384616,
            "recall": 0.61,
            "f1-score": 0.5980392156862745,
            "support": 100.0
        },
        "10": {
            "precision": 0.367816091954023,
            "recall": 0.32,
            "f1-score": 0.3422459893048128,
            "support": 100.0
        },
        "11": {
            "precision": 0.3717948717948718,
            "recall": 0.29,
            "f1-score": 0.3258426966292135,
            "support": 100.0
        },
        "12": {
            "precision": 0.47572815533980584,
            "recall": 0.49,
            "f1-score": 0.4827586206896552,
            "support": 100.0
        },
        "13": {
            "precision": 0.3595505617977528,
            "recall": 0.32,
            "f1-score": 0.3386243386243386,
            "support": 100.0
        },
        "14": {
            "precision": 0.4155844155844156,
            "recall": 0.32,
            "f1-score": 0.3615819209039548,
            "support": 100.0
        },
        "15": {
            "precision": 0.32432432432432434,
            "recall": 0.36,
            "f1-score": 0.3412322274881517,
            "support": 100.0
        },
        "16": {
            "precision": 0.5353535353535354,
            "recall": 0.53,
            "f1-score": 0.5326633165829145,
            "support": 100.0
        },
        "17": {
            "precision": 0.6601941747572816,
            "recall": 0.68,
            "f1-score": 0.6699507389162561,
            "support": 100.0
        },
        "18": {
            "precision": 0.3394495412844037,
            "recall": 0.37,
            "f1-score": 0.35406698564593303,
            "support": 100.0
        },
        "19": {
            "precision": 0.36585365853658536,
            "recall": 0.3,
            "f1-score": 0.32967032967032966,
            "support": 100.0
        },
        "20": {
            "precision": 0.7169811320754716,
            "recall": 0.76,
            "f1-score": 0.7378640776699029,
            "support": 100.0
        },
        "21": {
            "precision": 0.5636363636363636,
            "recall": 0.62,
            "f1-score": 0.5904761904761905,
            "support": 100.0
        },
        "22": {
            "precision": 0.45263157894736844,
            "recall": 0.43,
            "f1-score": 0.441025641025641,
            "support": 100.0
        },
        "23": {
            "precision": 0.6534653465346535,
            "recall": 0.66,
            "f1-score": 0.6567164179104478,
            "support": 100.0
        },
        "24": {
            "precision": 0.6979166666666666,
            "recall": 0.67,
            "f1-score": 0.6836734693877551,
            "support": 100.0
        },
        "25": {
            "precision": 0.3047619047619048,
            "recall": 0.32,
            "f1-score": 0.3121951219512195,
            "support": 100.0
        },
        "26": {
            "precision": 0.375,
            "recall": 0.39,
            "f1-score": 0.38235294117647056,
            "support": 100.0
        },
        "27": {
            "precision": 0.22641509433962265,
            "recall": 0.24,
            "f1-score": 0.23300970873786409,
            "support": 100.0
        },
        "28": {
            "precision": 0.6451612903225806,
            "recall": 0.6,
            "f1-score": 0.6217616580310881,
            "support": 100.0
        },
        "29": {
            "precision": 0.45263157894736844,
            "recall": 0.43,
            "f1-score": 0.441025641025641,
            "support": 100.0
        },
        "30": {
            "precision": 0.47115384615384615,
            "recall": 0.49,
            "f1-score": 0.4803921568627451,
            "support": 100.0
        },
        "31": {
            "precision": 0.45454545454545453,
            "recall": 0.45,
            "f1-score": 0.45226130653266333,
            "support": 100.0
        },
        "32": {
            "precision": 0.375,
            "recall": 0.3,
            "f1-score": 0.3333333333333333,
            "support": 100.0
        },
        "33": {
            "precision": 0.3879310344827586,
            "recall": 0.45,
            "f1-score": 0.4166666666666667,
            "support": 100.0
        },
        "34": {
            "precision": 0.4666666666666667,
            "recall": 0.42,
            "f1-score": 0.4421052631578947,
            "support": 100.0
        },
        "35": {
            "precision": 0.32727272727272727,
            "recall": 0.36,
            "f1-score": 0.34285714285714286,
            "support": 100.0
        },
        "36": {
            "precision": 0.4772727272727273,
            "recall": 0.42,
            "f1-score": 0.44680851063829785,
            "support": 100.0
        },
        "37": {
            "precision": 0.308411214953271,
            "recall": 0.33,
            "f1-score": 0.3188405797101449,
            "support": 100.0
        },
        "38": {
            "precision": 0.2641509433962264,
            "recall": 0.28,
            "f1-score": 0.27184466019417475,
            "support": 100.0
        },
        "39": {
            "precision": 0.6382978723404256,
            "recall": 0.6,
            "f1-score": 0.6185567010309279,
            "support": 100.0
        },
        "40": {
            "precision": 0.4588235294117647,
            "recall": 0.39,
            "f1-score": 0.42162162162162165,
            "support": 100.0
        },
        "41": {
            "precision": 0.7032967032967034,
            "recall": 0.64,
            "f1-score": 0.6701570680628273,
            "support": 100.0
        },
        "42": {
            "precision": 0.38392857142857145,
            "recall": 0.43,
            "f1-score": 0.4056603773584906,
            "support": 100.0
        },
        "43": {
            "precision": 0.46,
            "recall": 0.46,
            "f1-score": 0.46,
            "support": 100.0
        },
        "44": {
            "precision": 0.26548672566371684,
            "recall": 0.3,
            "f1-score": 0.28169014084507044,
            "support": 100.0
        },
        "45": {
            "precision": 0.2564102564102564,
            "recall": 0.3,
            "f1-score": 0.2764976958525346,