{"_timestamp":1.7538765284511542e+09,"_runtime":4288.113234298,"_step":49,"_wandb":{"runtime":4288},"epoch":50,"train_acc":66.16419549804688,"train_loss":1.6167443034708346,"eval_loss":2.4346137642860413,"lr":9.866357858642198e-07,"eval_acc":0.4595}